<?xml version="1.0" encoding="UTF-8" standalone="yes"?>
<addon id="repository.denniskis" 
       name="denniskis Kodi Add-ons" 
	   version="1.0.0" 
	   provider-name="denniskis">
<requires>
  <import addon="xbmc.addon" version="12.0.0"/>
</requires>	
	<extension point="xbmc.addon.repository" name="denniskis Kodi Add-ons">
		<info compressed="false">https://github.com/denniskis/kodiplugins/raw/master/addons.xml</info>
		<checksum>https://github.com/denniskis/kodiplugins/raw/master/addons.xml.md5</checksum>
		<datadir zip="true">https://github.com/denniskis/kodiplugins/raw/master/repo/</datadir>
	</extension>
	<extension point="xbmc.addon.metadata">
		<summary>Install Add-ons from Russian Add-on Repository</summary>
		<summary lang="ru">Дополнения и репозитории от denniskis</summary>
		<description>Russian plug-ins and repository installer for Kodi</description>
		<description lang="ru">Русские Аддоны для Коди.</description>
		<disclaimer lang="en">Team XBMC did not make all the add-ons on this repository and are not responsible for their content</disclaimer>
		<disclaimer lang="ru">Разработчики Kodi не являются авторами этих дополнений и не несут ответственность за их содержимое.</disclaimer>
		<platform>all</platform>
	</extension>
</addon>