﻿<?xml version="1.0" encoding="UTF-8" standalone="yes"?>
<addon id="plugin.video.kinobar.net"
       name="[COLOR FF00FF00]Кино портал ([/COLOR][COLOR FFFFF000]kinobar.net[/COLOR][COLOR FF00FF00])[/COLOR]"
       version="1.0.3"
       provider-name="Veselik">
  <requires>
    <import addon="xbmc.python" version="2.1.0"/>
  </requires>
  <extension point="xbmc.python.pluginsource"
             provides="video"
             library="default.py">
    <provides>video</provides>
  </extension>
  <extension point="xbmc.addon.metadata">
    <summary>kinobar.net</summary>
    <description>Фильмы и сериалы онлайн.</description>
    <platform>all</platform>
  </extension>
</addon>

