﻿<?xml version="1.0" encoding="UTF-8" standalone="yes"?>
<addon id="plugin.video.x-minus.org"
       name="[COLOR FF00FF00]Караоке-минусовки ([/COLOR][COLOR FFFFF000]x-minus.org[/COLOR][COLOR FF00FF00])[/COLOR]"
       version="1.0.0"
       provider-name="Veselik">
  <requires>
    <import addon="xbmc.python" version="2.1.0"/>
  </requires>
  <extension point="xbmc.python.pluginsource"
             provides="video"
             library="default.py">
    <provides>video</provides>
  </extension>
  <extension point="xbmc.addon.metadata">
    <summary>x-minus.org</summary>
    <description>Караоке-минусовки с сайта x-minus.org.</description>
    <platform>all</platform>
  </extension>
</addon>

